name,proline count,arginine count,lysine count,r/k ratio,aliphatic percent sum,aromaticity,flexibility sum,flexibility_avg,gravy
rbfa-Acaryochloris_marina_MBIC11017.fa_COG0858.faa.final_tree.fa___hmms___2158bf4838058688b8bec23da4baf271446d3c2db7b67a245d5263b2,10,12,7,1.7142857142857142,0.3115942028985507,0.036231884057971016,129.44828571428573,1.0034750830564785,-0.38623188405797104
rbfa-Acaryochloris_marina_S15.fa_COG0858.faa.final_tree.fa___hmms___0242b52878676fcc6ec15d83af57ac7e32e6cae36a60610fd1853832,11,12,7,1.7142857142857142,0.2971014492753623,0.043478260869565216,129.43340476190477,1.0033597268364711,-0.377536231884058
rbfa-Allocoleopsis_franciscana_PCC_7113.fa_COG0858.faa.final_tree.fa___hmms___e16ab03d3d2f7a8c89cddbbef37a739154cbf2bdafb64d81ab547961,9,15,4,3.75,0.3106060606060606,0.030303030303030304,123.45929761904762,1.003734126984127,-0.5015151515151516
rbfa-Anabaena_cylindrica_PCC_7122.fa_COG0858.faa.final_tree.fa___hmms___228506dace4c990425406cff6e19432012170380bf841c0620b86eae,10,13,6,2.1666666666666665,0.3082706766917293,0.03007518796992481,124.79280952380957,1.0063936251920127,-0.4736842105263158
rbfa-Anabaena_sp_4-3.fa_COG0858.faa.final_tree.fa___hmms___6977fd3ce8684e7f011e1c732380041ea9e5110f8a6ad8e9214ee92e,9,13,6,2.1666666666666665,0.3181818181818182,0.03787878787878788,123.45848809523817,1.0037275454897412,-0.4128787878787879
rbfa-Anabaena_sp_90.fa_COG0858.faa.final_tree.fa___hmms___2e248c41aaaeb4ea8f7bee4d0c344b84cd93778ce6b820a08e553faa,10,13,6,2.1666666666666665,0.29545454545454547,0.03787878787878788,123.57630952380953,1.0046854432830044,-0.3340909090909091
rbfa-Anabaena_sp_AL93.fa_COG0858.faa.final_tree.fa___hmms___7d19544953373144dc4c58e1c177ee193c086cc24915e7261c1445b1,9,13,6,2.1666666666666665,0.3333333333333333,0.030303030303030304,123.47341666666668,1.00384891598916,-0.27424242424242423
rbfa-Anabaena_sp_AL93.fa_COG0858.faa.final_tree.fa___hmms___b72b0cf66c46d723bd8ec2b41a4cdb6a336c66f183d2a01e796636e4,52,54,34,1.588235294117647,0.3381535038932147,0.07230255839822025,886.9213333333339,0.9965408239700381,-0.1820912124582873
rbfa-Anabaena_sp_CRKS33.fa_COG0858.faa.final_tree.fa___hmms___520b3127b01b33a660152e9b8c7bd975a6a94357b2eb9b3816cde19e,9,13,5,2.6,0.33333333333333337,0.030303030303030304,123.2344404761905,1.00190602013163,-0.23560606060606065
rbfa-Anabaena_sp_PCC_7108.fa_COG0858.faa.final_tree.fa___hmms___6a5ea60974386faaea6adbd16ec2c4d84b0dab5ceee5d57d3131ba0b,10,13,6,2.1666666666666665,0.31818181818181823,0.030303030303030304,123.61725000000006,1.0050182926829272,-0.3765151515151514
rbfa-Anabaena_sp_WA102.fa_COG0858.faa.final_tree.fa___hmms___6b7e5dca3e763ab902804cd58aa4f1969f01f9d6bd8145bc2e63606e,51,55,37,1.4864864864864864,0.34037819799777536,0.07230255839822025,886.9773333333343,0.9966037453183532,-0.18109010011123497
rbfa-Anabaena_sp_WA102.fa_COG0858.faa.final_tree.fa___hmms___fce366bcd39463234f81bfe5dccd1d0907c186cc8f4dd6632aa52352,9,13,5,2.6,0.3333333333333333,0.030303030303030304,123.36841666666672,1.002995257452575,-0.25
rbfa-Anabaena_sp_YBS01.fa_COG0858.faa.final_tree.fa___hmms___42b30325d9e45ee008c8ef12c555ec92e7a8659f8aa512df670cd09f,9,13,7,1.8571428571428572,0.3233082706766917,0.03007518796992481,124.61427380952385,1.0049538210445472,-0.363157894736842
rbfa-Anthocerotibacter_panamensis_C109.fa_COG0858.faa.final_tree.fa___hmms___c286e5468a8047b0a5088a7a895b8d38b3119e3dbc7541cf4cdc08f0,11,14,5,2.8,0.28,0.048,116.43228571428571,1.0037266009852217,-0.40000000000000013
rbfa-Aphanizomenon_flos-aquae_LD13.fa_COG0858.faa.final_tree.fa___hmms___d219225fcb3cc63f194b18664f78c33ba9984035e5ebaffa0c6e766b,52,50,38,1.3157894736842106,0.3448275862068966,0.07119021134593993,887.3276904761904,0.9969974050294274,-0.1761957730812016
rbfa-Aphanizomenon_flos-aquae_LD13.fa_COG0858.faa.final_tree.fa___hmms___c42a7c002380914169e01f38726e26482c7b3cff5f235d2118a9ea87,9,12,6,2.0,0.34090909090909094,0.030303030303030304,123.26796428571434,1.0021785714285718,-0.21666666666666665
rbfa-Aphanizomenon_flos-aquae_MDT14a.fa_COG0858.faa.final_tree.fa___hmms___86974cffbc7a76f0176c5fbb1894a69e73b4a3367e9e5e68805cb217,9,13,6,2.1666666666666665,0.33333333333333337,0.030303030303030304,123.39796428571434,1.0032354819976776,-0.2856060606060606
rbfa-Aphanizomenon_flos-aquae_MDT14a.fa_COG0858.faa.final_tree.fa___hmms___31ef1107631eab9b310e9c6f1b1bad285f4ab9ab8abb5f17f738da65,51,51,38,1.3421052631578947,0.3426028921023359,0.07230255839822025,887.4246904761903,0.9971063937934723,-0.1852057842046721
rbfa-Aphanizomenon_flos-aquae_UKL13-PB.fa_COG0858.faa.final_tree.fa___hmms___dc7cbe807f20ed63148d40eb6c697f93f9e0125c6a11cb17dcaf9734,9,13,6,2.1666666666666665,0.33333333333333337,0.030303030303030304,123.39796428571434,1.0032354819976776,-0.2856060606060606
rbfa-Aphanizomenon_flos-aquae_UKL13-PB.fa_COG0858.faa.final_tree.fa___hmms___90cc867eca8bffef780c206d3ffe7e0f04c6e333dcdaefe7a999e33b,51,51,38,1.3421052631578947,0.3426028921023359,0.07230255839822025,887.4246904761903,0.9971063937934723,-0.1852057842046721
rbfa-Arthrospira_sp_PCC_9108.fa_COG0858.faa.final_tree.fa___hmms___76c6893716e3ba383393a1183894baf9f4c93a0ad7519a2bf5eeee5d,9,14,5,2.8,0.291970802919708,0.043795620437956206,128.50472619047616,1.003943173363095,-0.6021897810218978
rbfa-Calothrix_sp_336_3.fa_COG0858.faa.final_tree.fa___hmms___0a605d180f906f8a36094808db31e4964f2cd30934f6ee2e0741cf05,10,13,6,2.1666666666666665,0.31386861313868614,0.0364963503649635,128.52995238095235,1.0041402529761903,-0.32481751824817523
rbfa-Calothrix_sp_HK-06.fa_COG0858.faa.final_tree.fa___hmms___13b1adde168c98af0df4101b3db66577b8aa83f868aa367280d4c5b6,9,14,5,2.8,0.29850746268656714,0.029850746268656716,125.69340476190472,1.0055472380952377,-0.5671641791044776
rbfa-Calothrix_sp_HK-06.fa_COG0858.faa.final_tree.fa___hmms___43a222a4c62bd384f16d21b058912302590e9e5e5efe0d9eec76d0a8,50,57,38,1.5,0.3515625,0.06696428571428571,883.5647857142854,0.9961271541310998,-0.09743303571428605
rbfa-Calothrix_sp_NIES-2098.fa_COG0858.faa.final_tree.fa___hmms___b8f1b68f8eee69018b44cf3ce5d64d64cafc74957cc758d206567a2e,9,14,6,2.3333333333333335,0.3,0.04285714285714286,131.87834523809528,1.0067049254816434,-0.5564285714285713
rbfa-Calothrix_sp_NIES-3974.fa_COG0858.faa.final_tree.fa___hmms___5a73466488a3ba2cc0eb27fb77cd5372b95708055308feb5d9bcc1bd,8,14,6,2.3333333333333335,0.3161764705882353,0.029411764705882353,127.46807142857143,1.003685601799775,-0.4080882352941176
rbfa-Calothrix_sp_NIES-4071.fa_COG0858.faa.final_tree.fa___hmms___224716bc9eb4822a9cc1649a9a0ebd070481bb765351d6c63d20f019,49,58,39,1.4871794871794872,0.35920177383592017,0.06430155210643015,890.5221190476186,0.9972252172985651,-0.11319290465631962
rbfa-Calothrix_sp_NIES-4071.fa_COG0858.faa.final_tree.fa___hmms___6df310dbb7fbe9794e9665f36c123d1b8997f3f04d15010e367bbebd,9,14,5,2.8,0.3203125,0.03125,119.56011904761905,1.0047068827531014,-0.37421875
rbfa-Calothrix_sp_PCC_6303.fa_COG0858.faa.final_tree.fa___hmms___b6e78273f25c41d21a93d6649926317067fb3a5c95abe58bf43748f7,10,12,5,2.4,0.3082706766917293,0.03007518796992481,124.72569047619054,1.0058523425499237,-0.42781954887218027
rbfa-Calothrix_sp_PCC_7103.fa_COG0858.faa.final_tree.fa___hmms___200bd1e57cc038f0f1c9dd8e84a4a80e16ed2a93ae38b30dd656c62c,52,57,38,1.5,0.3629300776914539,0.06326304106548279,888.570785714286,0.9961555893657915,-0.0762486126526084
rbfa-Calothrix_sp_PCC_7103.fa_COG0858.faa.final_tree.fa___hmms___889c35b96541364fc5d2e2465651585189caff59868e233d4eef9c6e,9,14,5,2.8,0.29104477611940294,0.029850746268656716,125.79540476190472,1.0063632380952379,-0.6216417910447761
rbfa-Calothrix_sp_PCC_7507.fa_COG0858.faa.final_tree.fa___hmms___422713d6adcbdc78d580174284ec41a0eea46849b9cac7d9d02964b7,10,13,9,1.4444444444444444,0.3014705882352941,0.029411764705882353,128.10733333333334,1.008719160104987,-0.500735294117647
rbfa-Candidatus_Atelocyanobacterium_thalassa.fa_COG0858.faa.final_tree.fa___hmms___4c96ff0e1faba9a2a69bf17afc14bc874b99fc324ac9816a74f8087e,8,10,9,1.1111111111111112,0.2890625,0.0703125,119.42536904761901,1.0035745298119245,-0.36328125
rbfa-Chlorogloeopsis_fritschii_PCC_6912.fa_COG0858.faa.final_tree.fa___hmms___f2f31a14bc87786a35fffced0d82274692ee2e9794852df3e1a69c76,10,13,7,1.8571428571428572,0.2805755395683453,0.04316546762589928,131.0320714285715,1.0079390109890116,-0.6323741007194245
rbfa-Chlorogloeopsis_fritschii_PCC_9212.fa_COG0858.faa.final_tree.fa___hmms___6c1201bb24c4b0d61dd5c3a2808cf8165ab4b003c8ea3ccbd3314561,10,13,7,1.8571428571428572,0.2805755395683453,0.04316546762589928,131.0320714285715,1.0079390109890116,-0.6323741007194245
rbfa-Chondrocystis_sp_NIES-4102.fa_COG0858.faa.final_tree.fa___hmms___4996fa9f5f78447872cef90c2b91d6854bd52b41205fbd74a49a248f,8,15,4,3.75,0.31297709923664124,0.030534351145038167,122.276,1.0022622950819673,-0.3816793893129771
rbfa-Chroococcidiopsis_thermalis_PCC_7203.fa_COG0858.faa.final_tree.fa___hmms___2326ca0ac115d7b268db1cc49e3e2a749f89bfd68c519e014094863f,9,17,5,3.4,0.30935251798561153,0.03597122302158273,130.6816785714286,1.0052436813186816,-0.5971223021582733
rbfa-Chroogloeocystis_siderophila_5_2_s_c_1.fa_COG0858.faa.final_tree.fa___hmms___29ab4317ce5c3d85171af217b6e87004e143e397a9399d389736d059,8,15,4,3.75,0.3259259259259259,0.037037037037037035,126.35035714285713,1.002780612244898,-0.4385185185185185
rbfa-Crinalium_epipsammum_PCC_9333.fa_COG0858.faa.final_tree.fa___hmms___e2a204361035761616464eba6e1d4e44a4b3000b55376da0c9cd94b5,9,15,6,2.5,0.32116788321167883,0.029197080291970802,128.60367857142856,1.0047162388392856,-0.5262773722627736
rbfa-Crocosphaera_subtropica_ATCC_51142.fa_COG0858.faa.final_tree.fa___hmms___b893ff07cd0546cb450eb7aeb2c28841d65c1264773534f6f0f9f21c,8,13,7,1.8571428571428572,0.27906976744186046,0.05426356589147287,120.73064285714287,1.0060886904761905,-0.5627906976744187
rbfa-Cyanobacterium_aponinum_PCC_10605.fa_COG0858.faa.final_tree.fa___hmms___d89a3020dc3c846b0cb3d3fd0b8395dccbddb29eab16341020513962,8,11,7,1.5714285714285714,0.304,0.032,116.20509523809523,1.0017680623973726,-0.33519999999999994
rbfa-Cyanobacterium_sp_IPPAS_B-1200.fa_COG0858.faa.final_tree.fa___hmms___bb38a0549feb8d4a8e2528022355cd303971465bbc8b347013618e7d,8,9,9,1.0,0.2936507936507936,0.031746031746031744,117.7932857142857,1.0067802197802196,-0.40476190476190466
rbfa-Cyanobacterium_stanieri_PCC_7202.fa_COG0858.faa.final_tree.fa___hmms___92925c8d05975e69d31717fc4d6cef96e57ec7ab3e70bc4d2ce6acee,48,47,47,1.0,0.33074361820199777,0.0832408435072142,889.391416666666,0.9970755792227197,-0.17547169811320765
rbfa-Cyanobacterium_stanieri_PCC_7202.fa_COG0858.faa.final_tree.fa___hmms___47292088c67ee2ac56c896df20ad6fa92d6823f67f02ec1d767c88b2,8,11,8,1.375,0.30158730158730157,0.031746031746031744,117.68590476190474,1.0058624338624336,-0.39841269841269844
rbfa-Cyanobium_gracile_PCC_6307.fa_COG0858.faa.final_tree.fa___hmms___5b81e90d0a528f574ded736a262bc74af8375b9478c12164201c0e34,13,17,4,4.25,0.3103448275862069,0.027586206896551724,136.51322619047625,1.0037737219887959,-0.41034482758620694
rbfa-Cyanobium_sp._NIES-981.fa_COG0858.faa.final_tree.fa___hmms___600a14396e24428c5e8b13617d27fc39d7629fa6583bbc7d890727ee,14,17,4,4.25,0.3453237410071942,0.02877697841726619,130.49553571428572,1.0038118131868132,-0.3388489208633093
rbfa-Cyanobium_sp_NS01.fa_COG0858.faa.final_tree.fa___hmms___21ed2c37c6e60085861f7be7906bb96e4c2f6e970aeb9e7e6ba17247,14,16,5,3.2,0.34265734265734266,0.027972027972027972,134.71821428571425,1.0053598081023452,-0.34755244755244763
rbfa-Cyanothece_sp_PCC_7425.fa_COG0858.faa.final_tree.fa___hmms___08a23dcd60b80b8e64aab85142de21629d335fe385f595e28f019604,9,15,5,3.0,0.32835820895522383,0.029850746268656716,125.40305952380955,1.0032244761904763,-0.3843283582089553
rbfa-Cylindrospermopsis_curvispora_GIHE-G1.fa_COG0858.faa.final_tree.fa___hmms___0804e951771784ce9407cec506f4948a987342f077146096c8e3db12,9,13,6,2.1666666666666665,0.31746031746031744,0.031746031746031744,117.30558333333336,1.0026118233618235,-0.43650793650793646
rbfa-Cylindrospermopsis_raciborskii_CS-505.fa_COG0858.faa.final_tree.fa___hmms___d793cd5da75a97663cdfbc8608e8cb46b10c757556d853a40e0f6b13,9,12,6,2.0,0.31746031746031744,0.031746031746031744,117.23958333333337,1.0020477207977212,-0.42063492063492064
rbfa-Cylindrospermopsis_raciborskii_ITEP-A1.fa_COG0858.faa.final_tree.fa___hmms___a3654474498e32a45b225e594ace5f5a8c6460cb03b19108111365c3,9,13,6,2.1666666666666665,0.3333333333333333,0.03333333333333333,111.02432142857147,1.0002191119691124,-0.3308333333333333
rbfa-Cylindrospermopsis_raciborskii_N8.fa_COG0858.faa.final_tree.fa___hmms___6f305d911934a89bb39de7498afcb7df3dd6d3a2d9b81ad44faef8c4,9,12,7,1.7142857142857142,0.32258064516129037,0.03225806451612903,115.2174047619048,1.0018904761904766,-0.39596774193548384
rbfa-Cylindrospermopsis_sp_CR12.fa_COG0858.faa.final_tree.fa___hmms___2913dd48ad60b5c8fa85633b9f36ef61cde7d3a4481d8a03901208e2,9,12,7,1.7142857142857142,0.32258064516129037,0.03225806451612903,115.2174047619048,1.0018904761904766,-0.39596774193548384
rbfa-Cylindrospermum_stagnale_PCC_7417.fa_COG0858.faa.final_tree.fa___hmms___d02eb1b7cd93c2760fe31e989ce41cc20b06697c5680dde77054cbe5,9,12,7,1.7142857142857142,0.3181818181818182,0.030303030303030304,123.65234523809526,1.0053036198219127,-0.3545454545454545
rbfa-Dactylococcopsis_salina_PCC_8305.fa_COG0858.faa.final_tree.fa___hmms___7001b98912e20eb9c45b666846970519208b31bf7973f22964bd3dbd,11,17,7,2.4285714285714284,0.2722513089005235,0.06806282722513089,182.5225357142857,1.0028710753532182,-0.5130890052356022
rbfa-Dolichospermum_circinale_AWQC131C.fa_COG0858.faa.final_tree.fa___hmms___566eed66e6f9d92c8738d70095698683ff57b81e0aa2c993539f059e,9,13,5,2.6,0.3308270676691729,0.03007518796992481,124.27119047619051,1.0021870199692784,-0.2571428571428572
rbfa-Dolichospermum_circinale_AWQC310F.fa_COG0858.faa.final_tree.fa___hmms___3fe39589f8f25c02a8693d88ca90dd6fdbdca428d41a495779db7dee,9,13,5,2.6,0.3308270676691729,0.03007518796992481,124.27119047619051,1.0021870199692784,-0.2571428571428572
rbfa-Dolichospermum_flos-aquae_CCAP_1403_13F.fa_COG0858.faa.final_tree.fa___hmms___9a6fcb918010513f1723a5bd5348241e4fb1658eb2c1fc8efe483586,51,53,40,1.325,0.3437152391546162,0.07230255839822025,887.155333333334,0.9968037453183529,-0.17597330367074554
rbfa-Dolichospermum_flos-aquae_CCAP_1403_13F.fa_COG0858.faa.final_tree.fa___hmms___8f095d2b06e28c0aa3f8c74096b1913c2105cde992d921d03aae64d3,10,13,6,2.1666666666666665,0.29545454545454547,0.03787878787878788,123.51930952380955,1.0042220286488581,-0.3340909090909091
rbfa-Dolichospermum_sp_UHCC_0315A.fa_COG0858.faa.final_tree.fa___hmms___1fafc63a0f5eb04a73d8ab9cb47381b7fddad650e37e566dd1515f5d,10,13,6,2.1666666666666665,0.29545454545454547,0.03787878787878788,123.52196428571432,1.0042436120789782,-0.3348484848484849
rbfa-Dolichospermum_sp_UHCC_0315A.fa_COG0858.faa.final_tree.fa___hmms___24e0f238d6de753e55bbe09add1d1422a53dfcbfc25fe1709a73a2cd,51,54,38,1.4210526315789473,0.3414905450500556,0.07119021134593993,887.2223333333336,0.9968790262172288,-0.18587319243604025
rbfa-Euhalothece_natronophila_Z-M001.fa_COG0858.faa.final_tree.fa___hmms___39e2b6759a166efad999903671220c2e17f4672118db1fab7a4f91be,7,13,7,1.8571428571428572,0.3076923076923077,0.038461538461538464,121.73391666666666,1.006065426997245,-0.48769230769230776
rbfa-Fischerella_major_NIES-592.fa_COG0858.faa.final_tree.fa___hmms___85f5eefadee946f878e7f6d5ce5e729fc1659bee34fdcfb718e6e581,10,13,6,2.1666666666666665,0.3153846153846154,0.03076923076923077,121.75153571428575,1.0062110389610393,-0.44615384615384607
rbfa-Fischerella_muscicola_PCC_7414.fa_COG0858.faa.final_tree.fa___hmms___4e59f7a28c842b1e9da1005cd2656a87f18c07bb4bc31686b001aca2,11,13,7,1.8571428571428572,0.30597014925373134,0.029850746268656716,125.92828571428575,1.007426285714286,-0.5059701492537314
rbfa-Fischerella_muscicola_SAG_1427-1_PCC_73103.fa_COG0858.faa.final_tree.fa___hmms___aedfb538d231559fb614c1ea99ce2111a451cb683c18ab7fdc4c332a,11,13,8,1.625,0.31343283582089554,0.029850746268656716,125.78655952380956,1.0062924761904766,-0.46194029850746265
rbfa-Fischerella_sp_NIES-3754.fa_COG0858.faa.final_tree.fa___hmms___9bc1fef69f06fd71fd376e93d1004e06093e02481010a3dd5182e65f,10,13,6,2.1666666666666665,0.3153846153846154,0.03076923076923077,121.75153571428575,1.0062110389610393,-0.44615384615384607
rbfa-Fischerella_thermalis_PCC_7521.fa_COG0858.faa.final_tree.fa___hmms___7f98552a0050f09d2ee0ad8d5295b659781027882f1faab4b86fd046,10,13,7,1.8571428571428572,0.3153846153846154,0.03076923076923077,121.75605952380953,1.0062484258166076,-0.42923076923076914
rbfa-Fortiea_contorta_PCC_7126.fa_COG0858.faa.final_tree.fa___hmms___22c62bb8992a00b3e8380777fce81c1f5479e8abeb191d4e51085fd6,11,13,9,1.4444444444444444,0.29285714285714287,0.04285714285714286,132.20902380952379,1.0092291893856777,-0.4842857142857144
rbfa-Geitlerinema_sp_BBD_1991-9.fa_COG0858.faa.final_tree.fa___hmms___f611f619d0d2e3e8a391dcc13ebbad9b9928c87d6d65866d3a421432,8,17,5,3.4,0.2706766917293233,0.03007518796992481,124.87210714285715,1.0070331221198157,-0.6766917293233083
rbfa-Geitlerinema_sp_PCC_7407.fa_COG0858.faa.final_tree.fa___hmms___6dde6a4df9f2d12a1010c9efa0abe7b6031515699c0a6a20cf2e36dc,9,15,4,3.75,0.3082191780821918,0.0273972602739726,137.8817857142856,1.0064363920750774,-0.4410958904109589
rbfa-Geitlerinema_sp_PCC_9228.fa_COG0858.faa.final_tree.fa___hmms___a88de4ef2a68a78362424ba1abd3e95867c011a7bedbb7f9dac61afb,8,16,6,2.6666666666666665,0.3235294117647059,0.029411764705882353,127.66588095238092,1.0052431571053615,-0.4720588235294117
rbfa-Geminocystis_herdmanii_PCC_6308.fa_COG0858.faa.final_tree.fa___hmms___9ba6a7e003949301a02e55be74a89b4b3a8675a957074637cac7b655,8,8,10,0.8,0.28,0.04,116.81294047619052,1.0070081075533666,-0.37039999999999995
rbfa-Geminocystis_sp_NIES-3708.fa_COG0858.faa.final_tree.fa___hmms___e248847836568b8e24c70405a5d071688e0d9f838b0d2d58a8c976df,7,9,10,0.9,0.288,0.032,116.87478571428575,1.0075412561576358,-0.4128000000000001
rbfa-Geminocystis_sp_NIES-3709.fa_COG0858.faa.final_tree.fa___hmms___59b6b362f284b68d31a6e0931f69a067a9f07ab76c693b76b5b5fb81,8,9,10,0.9,0.288,0.048,116.80419047619047,1.0069326765188833,-0.34479999999999994
rbfa-Gloeobacter_kilaueensis_JS1.fa_COG0858.faa.final_tree.fa___hmms___e117a16572d9c79d9fb8b14ff8118233b01f3a85a62aee54dd1af35a,9,14,6,2.3333333333333335,0.3157894736842105,0.03759398496240601,124.19611904761906,1.0015816052227344,-0.43082706766917295
rbfa-Gloeobacter_violaceus_PCC_7421.fa_COG0858.faa.final_tree.fa___hmms___3b0b49085535eeff5e0b1f5af85653f86d6a849ffe8d685cf6382850,10,16,6,2.6666666666666665,0.33333333333333337,0.03875968992248062,120.00773809523815,1.0000644841269846,-0.3635658914728682
rbfa-Gloeocapsa_sp_PCC_7428.fa_COG0858.faa.final_tree.fa___hmms___83e1874e578119c888edd54dc073e048c058e936b1275552cefc4ccf,8,15,4,3.75,0.3235294117647059,0.03676470588235294,127.32786904761905,1.0025816460442445,-0.46176470588235297
rbfa-Gloeothece_citriformis_PCC_7424.fa_COG0858.faa.final_tree.fa___hmms___6dc0e880226f5e9fdc2c6d2e39b78a68acc52c151e7049ad22fc311e,9,14,6,2.3333333333333335,0.29770992366412213,0.03816793893129771,122.58974999999995,1.0048340163934422,-0.5374045801526719
rbfa-Gloeothece_verrucosa_PCC_7822.fa_COG0858.faa.final_tree.fa___hmms___b350bf075c198b0def490a9592a2a311bd3ae314310061cc49aff946,8,17,4,4.25,0.2857142857142857,0.045112781954887216,124.6652023809523,1.0053645353302605,-0.6142857142857143
rbfa-Halothece_sp_PCC_7418.fa_COG0858.faa.final_tree.fa___hmms___45bdbd114a44bef2c6c44af9f0e644137b0ed4aef8d7765ce667ba8e,8,12,6,2.0,0.31746031746031744,0.031746031746031744,117.34527380952383,1.0029510582010583,-0.34523809523809523
rbfa-Halothece_sp_PCC_7418.fa_COG0858.faa.final_tree.fa___hmms___270b75bd9226abde201b1a40684275425f521ff24a1923812595a8e0,48,62,35,1.7714285714285714,0.3471337579617835,0.06687898089171976,930.2562380952381,0.9970592048180473,-0.19670912951167727
rbfa-Hapalosiphon_sp_MRB220.fa_COG0858.faa.final_tree.fa___hmms___5e7904dfbf24c765c50ddd2db4ed94371f61944e6769edb3a6271a23,10,13,8,1.625,0.3049645390070922,0.035460992907801414,133.1646785714286,1.0088233225108227,-0.49148936170212776
rbfa-Hydrococcus_rivularis_NIES-593.fa_COG0858.faa.final_tree.fa___hmms___f1e3fce9b65a4838e22901390027adfc53c0762bf7ee44c93187314b,8,16,5,3.2,0.30597014925373134,0.029850746268656716,125.68314285714287,1.005465142857143,-0.602985074626866
rbfa-Kamptonema_formosum_PCC_6407.fa_COG0858.faa.final_tree.fa___hmms___82c679542008ab6a8525d48c612b0ca206b56fe47d26b39865d3bbd5,10,11,8,1.375,0.3357142857142857,0.02857142857142857,131.93167857142853,1.0071120501635766,-0.3450000000000001
rbfa-Leptolyngbya_boryana_IAM_M-101.fa_COG0858.faa.final_tree.fa___hmms___7a2e42498f4fc7721111722d292c773e6b466d704f370edb5104fa9b,9,15,5,3.0,0.3089430894308943,0.032520325203252036,114.39540476190476,1.003468462823726,-0.4666666666666666
rbfa-Leptolyngbya_boryana_dg5.fa_COG0858.faa.final_tree.fa___hmms___ac8de383b698d4569c3e6a1d01e7ca58ec11bff6d6c484c21f70726c,9,15,5,3.0,0.3089430894308943,0.032520325203252036,114.39540476190476,1.003468462823726,-0.4666666666666666
rbfa-Leptolyngbya_sp_BL0902.fa_COG0858.faa.final_tree.fa___hmms___98cbeda05c641d07c5f7d443e26b489c4acab0d5a07bae869bf774d1,11,14,6,2.3333333333333335,0.2948717948717949,0.038461538461538464,148.58153571428574,1.0107587463556853,-0.573076923076923
rbfa-Leptolyngbya_sp_NIES-2104.fa_COG0858.faa.final_tree.fa___hmms___4e47d351f368d86942a5993237d9744f147780fdb9c65270d7eff3ee,10,14,6,2.3333333333333335,0.3046875,0.03125,119.66332142857148,1.0055741296518612,-0.521875
rbfa-Leptolyngbya_sp_NIES-3755.fa_COG0858.faa.final_tree.fa___hmms___24e45a6c0329e115e8911bf8226e2ed72e02c38025af224c51ca6082,10,14,6,2.3333333333333335,0.3046875,0.03125,119.64932142857147,1.0054564825930377,-0.48515624999999996
rbfa-Leptolyngbya_sp_O-77.fa_COG0858.faa.final_tree.fa___hmms___a4ac8d8c79f04094fc45fa518c3e21f7a6d3399829ad56452b2b0a0e,9,17,5,3.4,0.2795698924731183,0.043010752688172046,179.64069047619043,1.0149191552327144,-0.7365591397849462
rbfa-Leptolyngbya_sp_PCC_7375.fa_COG0858.faa.final_tree.fa___hmms___ee8bd5acefa391d7cb41a3c2744f70aa0ac3eba9f5016a2a99e54616,10,12,7,1.7142857142857142,0.3453237410071942,0.02877697841726619,130.36759523809525,1.0028276556776559,-0.2079136690647482
rbfa-Leptolyngbya_sp_PCC_7376.fa_COG0858.faa.final_tree.fa___hmms___283eb36123232603e2307121ae3ff2f832cca2e9a386de015dcf77b1,8,14,7,2.0,0.2890625,0.03125,119.83545238095243,1.0070206082432978,-0.47578125000000004
rbfa-Limnospira_fusiformis_SAG_85_79.fa_COG0858.faa.final_tree.fa___hmms___72ed90b4afa3e27aa197f06425218833dbca790d36b9c325d2782181,9,14,6,2.3333333333333335,0.2949640287769784,0.03597122302158273,130.5582976190476,1.004294597069597,-0.5287769784172663
rbfa-Limnothrix_sp_CACIAM_69d.fa_COG0858.faa.final_tree.fa___hmms___b88600642590dbca239f802cdf0a75563c9a4021341e01417c339136,11,16,3,5.333333333333333,0.2857142857142857,0.04395604395604396,174.72234523809524,1.0099557528213599,-0.6989010989010992
rbfa-Limnothrix_sp_P13C2.fa_COG0858.faa.final_tree.fa___hmms___e753682a8f28fea0dfe4461e4850d7f549e84c04a49335060f6da21f,10,16,4,4.0,0.2982456140350877,0.04093567251461988,163.2677738095238,1.0078257642563198,-0.621637426900585
rbfa-Microcystis_aeruginosa_CHAOHU_1326.fa_COG0858.faa.final_tree.fa___hmms___ad730826b036d16833e12420845949797968f7585ccc34f05ae99fa2,7,11,5,2.2,0.3090909090909091,0.03636363636363636,101.45695238095239,1.0045242809995285,-0.47
rbfa-Microcystis_aeruginosa_FD4.fa_COG0858.faa.final_tree.fa___hmms___f0ab97655ef4139bc7a33c339611f31284b055743a8ac6f195e2cede,7,14,6,2.3333333333333335,0.3076923076923077,0.03076923076923077,121.5569523809524,1.004602912239276,-0.5015384615384615
rbfa-Microcystis_aeruginosa_NIES-2481.fa_COG0858.faa.final_tree.fa___hmms___e4a89f2bb6a8b31ac1810078e31ed18e744d434ad2016111713acb31,7,15,6,2.5,0.3161764705882353,0.029411764705882353,127.51586904761906,1.0040619610048744,-0.4720588235294117
rbfa-Microcystis_aeruginosa_NIES-2549.fa_COG0858.faa.final_tree.fa___hmms___4a0b2a5084025b08c58aa35b8a02e0addb02a6d23cdbfe3cc8484860,7,15,6,2.5,0.3161764705882353,0.029411764705882353,127.51586904761906,1.0040619610048744,-0.4720588235294117
rbfa-Microcystis_aeruginosa_NIES-298.fa_COG0858.faa.final_tree.fa___hmms___de9097ba22205956188465e92e405102d8aca28f9a34913bf1bc9c23,7,15,6,2.5,0.3153846153846154,0.03076923076923077,121.3719523809524,1.0030739866194414,-0.4676923076923077
rbfa-Microcystis_aeruginosa_NIES-44.fa_COG0858.faa.final_tree.fa___hmms___4d68bcdf09cd03cfa5d0657c317a4f266dad4af9578e657df7a84e3e,7,15,6,2.5,0.3153846153846154,0.03076923076923077,121.4209523809524,1.0034789452971273,-0.4684615384615384
rbfa-Microcystis_aeruginosa_NIES-843.fa_COG0858.faa.final_tree.fa___hmms___26577d86c03e7fff67ddcbdd00cbda464992db6e69e09e7f527cc85e,7,14,6,2.3333333333333335,0.296875,0.03125,119.48182142857142,1.004048919567827,-0.5578125
rbfa-Microcystis_aeruginosa_NIES-88.fa_COG0858.faa.final_tree.fa___hmms___17a2d013eb4af3892ba4d80b14e767bac70701cb005d0dcfe5a113f7,7,15,6,2.5,0.3153846153846154,0.03076923076923077,121.3719523809524,1.0030739866194414,-0.4676923076923077
rbfa-Microcystis_aeruginosa_NIES-98.fa_COG0858.faa.final_tree.fa___hmms___9b3994e4e53cc3878845e05cee459f082bd2ffd3dfe71e8cf241ece4,7,15,6,2.5,0.3076923076923077,0.03076923076923077,121.47095238095241,1.0038921684376232,-0.5092307692307692
rbfa-Microcystis_aeruginosa_NaRes975.fa_COG0858.faa.final_tree.fa___hmms___3be0fd71408ba02d6f21f3cfb5db1b421e96a62c6d48b414449e8db4,7,15,6,2.5,0.3153846153846154,0.03076923076923077,121.4209523809524,1.0034789452971273,-0.4684615384615384
rbfa-Microcystis_aeruginosa_PCC_7806SL.fa_COG0858.faa.final_tree.fa___hmms___029edcd3567642eedbc9173200cd7f021991536c2c36586b16c04863,7,15,6,2.5,0.3076923076923077,0.03076923076923077,121.47095238095241,1.0038921684376232,-0.5092307692307692
rbfa-Microcystis_aeruginosa_TAIHU98.fa_COG0858.faa.final_tree.fa___hmms___346435b35729baac341ea3d8fd7b90c8cc9c41173aea46cc0e011cdf,7,15,6,2.5,0.3076923076923077,0.03076923076923077,121.47095238095241,1.0038921684376232,-0.5092307692307692
rbfa-Microcystis_sp_MC19.fa_COG0858.faa.final_tree.fa___hmms___223b76f4383dd85ff42c0787a7f1f0e163a6b8f40371df31737b121a,7,15,5,3.0,0.3076923076923077,0.03076923076923077,121.40595238095241,1.0033549783549787,-0.5061538461538462
rbfa-Microcystis_viridis_NIES-102.fa_COG0858.faa.final_tree.fa___hmms___f7d669831ca25392a1100cf94a5eaa32cfc54d86644846a50820e3f4,7,14,6,2.3333333333333335,0.296875,0.03125,119.48182142857142,1.004048919567827,-0.5578125
rbfa-Moorena_producens_JHB.fa_COG0858.faa.final_tree.fa___hmms___3f9da75921b0ddb58c2b1ebacf9ef3e9c673f111979b579323e10da5,11,14,5,2.8,0.2803030303030303,0.03787878787878788,123.55561904761906,1.0045172280294232,-0.5621212121212124
rbfa-Moorena_producens_PAL-8-15-08-1.fa_COG0858.faa.final_tree.fa___hmms___842afbc6cf631da94f428696e370d8d8d1ea0b21cbab70a97583ec3d,11,14,5,2.8,0.2803030303030303,0.03787878787878788,123.62928571428573,1.0051161440185832,-0.5333333333333333
rbfa-Nodularia_spumigena_CENA596.fa_COG0858.faa.final_tree.fa___hmms___bb2a3b2cf5cccf5bf0c4c214aae7915724ce7306f303b525fd0e466b,9,11,7,1.5714285714285714,0.27464788732394363,0.04225352112676056,134.114511904762,1.008379788757609,-0.508450704225352
rbfa-Nodularia_spumigena_UHCC_0039.fa_COG0858.faa.final_tree.fa___hmms___b730efafa4d8008ed1b8c20fc62d5695253676245a99747b7cdcb010,9,11,7,1.5714285714285714,0.27464788732394363,0.04225352112676056,134.114511904762,1.008379788757609,-0.508450704225352
rbfa-Nostoc_azollae_0708.fa_COG0858.faa.final_tree.fa___hmms___31a425891f39e0e0c511ee13a766345fa3b7f3e86604b85bbbbf7ed3,9,13,6,2.1666666666666665,0.30303030303030304,0.03787878787878788,123.65101190476196,1.0052927797135118,-0.45833333333333326
rbfa-Nostoc_calcicola_FACHB-389.fa_COG0858.faa.final_tree.fa___hmms___5bcec97f8e636cd6b6147beb2c1b4e5a58196e52e2589903aadc94ab,9,14,6,2.3333333333333335,0.30935251798561153,0.03597122302158273,130.77752380952384,1.0059809523809526,-0.4712230215827338
rbfa-Nostoc_edaphicum_CCNP1411.fa_COG0858.faa.final_tree.fa___hmms___8092d9c4627e64f144027a9aa22818d7820f67cb8aa1a6f92c0f1724,9,13,6,2.1666666666666665,0.3093525179856115,0.03597122302158273,130.76835714285716,1.0059104395604397,-0.5136690647482014
rbfa-Nostoc_flagelliforme_CCNUN1.fa_COG0858.faa.final_tree.fa___hmms___ff1f4a734752adb397d3f45644c3b68e1854d4102cb81f511fe07b39,9,13,6,2.1666666666666665,0.3093525179856115,0.02877697841726619,130.6514880952381,1.005011446886447,-0.5179856115107913
rbfa-Nostoc_sp_ATCC_53789.fa_COG0858.faa.final_tree.fa___hmms___735ccd76e04bc10da260703f59867b1643b32a9715ae06bf9423f8af,9,13,6,2.1666666666666665,0.31654676258992803,0.03597122302158273,130.69382142857143,1.005337087912088,-0.4223021582733813
rbfa-Nostoc_sp_C052.fa_COG0858.faa.final_tree.fa___hmms___d0ef44d6686b2b730646b2864e515a4555b56a6099c63f55cbca908c,9,13,6,2.1666666666666665,0.3237410071942446,0.03597122302158273,130.49333333333334,1.003794871794872,-0.4028776978417265
rbfa-Nostoc_sp_C057.fa_COG0858.faa.final_tree.fa___hmms___c73c7ba1f0b8a5a0aa3cb5fee7c539e316421fa3e1255e2209cf5af7,9,13,6,2.1666666666666665,0.31654676258992803,0.03597122302158273,130.69382142857143,1.005337087912088,-0.4223021582733813
rbfa-Nostoc_sp_CENA543.fa_COG0858.faa.final_tree.fa___hmms___aa41dd73a5168f47062d8b9d3cfe1f9c84e2197e237859c5455f8c85,9,13,6,2.1666666666666665,0.30303030303030304,0.03787878787878788,123.67154761904763,1.0054597367402247,-0.47272727272727266
rbfa-Nostoc_sp_HK-01.fa_COG0858.faa.final_tree.fa___hmms___80388a16ffc22a7e226cd4e7e73a7afda3915ac52d30ac88f219f210,10,13,7,1.8571428571428572,0.3208955223880597,0.029850746268656716,125.87038095238094,1.0069630476190474,-0.40597014925373126
rbfa-Nostoc_sp_KVJ20.fa_COG0858.faa.final_tree.fa___hmms___d9c1b6206d30b294c1656ce8e60fdd03d8634a48cada2de896f71cf5,9,13,6,2.1666666666666665,0.30935251798561153,0.02877697841726619,130.75944047619046,1.0058418498168498,-0.4762589928057553
rbfa-Nostoc_sp_Lobaria_pulmonaria_5183_cyanobiont.fa_COG0858.faa.final_tree.fa___hmms___f06401c7417f40fb47a9277967676360474697f1d359e922042eb39a,9,13,6,2.1666666666666665,0.31654676258992803,0.03597122302158273,130.64854761904763,1.004988827838828,-0.42877697841726614
rbfa-Nostoc_sp_MBR_210.fa_COG0858.faa.final_tree.fa___hmms___9df08e6b3e8afcd8e3f3a2fb81d2b1dfc08a959a64a8ee476410925a,10,13,7,1.8571428571428572,0.31343283582089554,0.03731343283582089,125.777380952381,1.006219047619048,-0.45820895522388067
rbfa-Nostoc_sp_NIES-3756.fa_COG0858.faa.final_tree.fa___hmms___8ee35d24cfe726f3c90337b9f739b6bfa98601299c03096655b38fe8,9,13,7,1.8571428571428572,0.3208955223880597,0.029850746268656716,125.73678571428574,1.0058942857142859,-0.42014925373134315
rbfa-Nostoc_sp_PCC_7107.fa_COG0858.faa.final_tree.fa___hmms___778915c49082645cc7f9846273b62c705872da66f8814895f703284e,10,13,7,1.8571428571428572,0.3208955223880597,0.029850746268656716,125.84438095238093,1.0067550476190474,-0.40597014925373126
rbfa-Nostoc_sp_PCC_7120_FACHB-418.fa_COG0858.faa.final_tree.fa___hmms___6d491231c91fb044804ad3d1d95e2bf7642d415d1cccc27794f159f8,9,13,7,1.8571428571428572,0.3157894736842105,0.03007518796992481,124.72827380952383,1.0058731758832566,-0.40375939849624054
rbfa-Nostoc_sp_PCC_7524.fa_COG0858.faa.final_tree.fa___hmms___a396891a033dc43d1bf28a803e47b9c1e187fbd2e9319700ef5737d0,9,13,7,1.8571428571428572,0.30534351145038163,0.030534351145038167,122.58171428571431,1.0047681498829042,-0.4618320610687023
rbfa-Nostoc_sp_Peltigera_membranacea_cyanobiontN6.fa_COG0858.faa.final_tree.fa___hmms___e332247023418fc0f597c6e8804332f43f1a240d742901c12118afc0,10,14,6,2.3333333333333335,0.302158273381295,0.03597122302158273,130.75509523809524,1.005808424908425,-0.5064748201438849
rbfa-Nostoc_sp_TCL240-02.fa_COG0858.faa.final_tree.fa___hmms___6c7e732e1989d91577637fc918b3150283f84b905698c101994e0504,9,13,6,2.1666666666666665,0.31654676258992803,0.03597122302158273,130.69382142857143,1.005337087912088,-0.4223021582733813
rbfa-Nostoc_sp_TCL26-01.fa_COG0858.faa.final_tree.fa___hmms___eae538fb25352b3d4f2d8dc22c905a4342ef4530e12d86eab06d5161,9,13,7,1.8571428571428572,0.32575757575757575,0.03787878787878788,123.53139285714286,1.0043202671312428,-0.32424242424242417
rbfa-Nostoc_sp_UHCC_0702.fa_COG0858.faa.final_tree.fa___hmms___2092c1d9b03177fea2686f71f81b1ea25580d18825ea58230e5a3dfa,9,13,6,2.1666666666666665,0.302158273381295,0.050359712230215826,130.6529642857143,1.0050228021978023,-0.479136690647482
rbfa-Nostoc_sphaeroides.fa_COG0858.faa.final_tree.fa___hmms___c2aaf1724788701f5bd4b12c7096c90415a0dffa3bd6aec2f3c57261,9,13,6,2.1666666666666665,0.31654676258992803,0.02877697841726619,130.69048809523812,1.005311446886447,-0.5064748201438847
rbfa-Nostoc_sphaeroides_CCNUC1.fa_COG0858.faa.final_tree.fa___hmms___17dbeceadb2921fe92bed6ced6ea4bb645adae1e8d07e61d4a01d6b9,9,13,6,2.1666666666666665,0.31654676258992803,0.02877697841726619,130.69048809523812,1.005311446886447,-0.5064748201438847
rbfa-Nostocales_cyanobacterium_HT-58-2.fa_COG0858.faa.final_tree.fa___hmms___57702e55539ed6ab885e6ba9e3a01769f4894ee9f63a5ebe7f938b11,9,14,8,1.75,0.29078014184397166,0.0425531914893617,133.0255952380953,1.0077696608946614,-0.6113475177304964
rbfa-Oscillatoria_acuminata_PCC_6304.fa_COG0858.faa.final_tree.fa___hmms___61ebf4005d71d19dc8c5b492d05dea2a8a88f15e8c73e3233e6d9a3e,9,16,6,2.6666666666666665,0.2981366459627329,0.031055900621118012,153.07217857142854,1.0070538063909773,-0.6031055900621117
rbfa-Oscillatoria_nigro-viridis_PCC_7112.fa_COG0858.faa.final_tree.fa___hmms___2b29da77c60b5ae72f88e9f02dbb2a09b06b11dc58fffcfb5c2c4add,8,11,7,1.5714285714285714,0.3014705882352941,0.03676470588235294,127.57527380952374,1.00452971503562,-0.36911764705882355
rbfa-Oscillatoriales_cyanobacterium_CG2_30_40_61.fa_COG0858.faa.final_tree.fa___hmms___4435642513941c938e87bda710f601f325f1609756b5c65c7face781,10,15,6,2.5,0.28787878787878785,0.05303030303030303,123.60738095238091,1.004938056523422,-0.5507575757575757
rbfa-Oxynema_sp_AP17.fa_COG0858.faa.final_tree.fa___hmms___2ba0a2211592278c27cebd062eb2de19cca261ccdf44a82217fe15b5,9,16,4,4.0,0.31690140845070425,0.028169014084507043,133.65794047619048,1.0049469208736126,-0.47816901408450696
rbfa-Phormidesmis_priestleyi_BC1401.fa_COG0858.faa.final_tree.fa___hmms___99a319b46d20d706cf00fc396348251226e1542a35e4d20bfd066a49,11,16,6,2.6666666666666665,0.2846715328467153,0.029197080291970802,129.1913214285714,1.009307198660714,-0.5591240875912408
rbfa-Phormidium_ambiguum_IAM_M-71.fa_COG0858.faa.final_tree.fa___hmms___bed59be4a9521072cb1a25ef1d72c1409830ef47f2d032d2f930ba7a,10,14,5,2.8,0.32191780821917804,0.0410958904109589,137.93716666666666,1.0068406326034063,-0.4595890410958904
rbfa-Phormidium_sp_ETS-05.fa_COG0858.faa.final_tree.fa___hmms___4b0f5504dab9131cb51819e6087868ea132aec83377ebab1e660d6b6,10,14,5,2.8,0.3407407407407408,0.037037037037037035,126.16698809523807,1.0013253023431592,-0.24888888888888897
rbfa-Phormidium_tenue_NIES-30.fa_COG0858.faa.final_tree.fa___hmms___7ce8081fbb06059b1f0c036ecf850a81ac4e6693e49c87411290f71b,10,13,6,2.1666666666666665,0.29078014184397166,0.035460992907801414,132.77819047619047,1.0058953823953825,-0.5028368794326241
rbfa-Planktothricoides_sp_SR001.fa_COG0858.faa.final_tree.fa___hmms___8457ec838b172ee6cd9234d4f29deda788765cd554efcc5b05471f4a,9,14,5,2.8,0.30882352941176466,0.029411764705882353,127.38201190476191,1.003007967754031,-0.4404411764705883
rbfa-Planktothrix_agardhii_NIES-204.fa_COG0858.faa.final_tree.fa___hmms___5c2a13d8183f13bad5228abccd411fba13dc36764ff91c0144d7a7ff,10,15,6,2.5,0.2803030303030303,0.045454545454545456,123.91938095238093,1.007474641889276,-0.6280303030303032
rbfa-Planktothrix_agardhii_NIVA-CYA_126_8.fa_COG0858.faa.final_tree.fa___hmms___78621c93ed6230076aaa9a548813e8857af9052064758c67318fda57,10,15,6,2.5,0.2803030303030303,0.045454545454545456,123.91938095238093,1.007474641889276,-0.6280303030303032
rbfa-Planktothrix_agardhii_NIVA-CYA_15.fa_COG0858.faa.final_tree.fa___hmms___6ee097ba8b45118d8851e75faa9c3eed7b9f85d8838ba4a33c020d6d,10,15,6,2.5,0.2803030303030303,0.045454545454545456,123.91938095238093,1.007474641889276,-0.6280303030303032
rbfa-Pleurocapsa_sp_PCC_7319.fa_COG0858.faa.final_tree.fa___hmms___7fcce541286086b9640b0da60236a8dddaca799c82ce0f08a8b1155f,8,11,9,1.2222222222222223,0.32061068702290074,0.030534351145038167,122.7734880952381,1.0063400663544106,-0.37862595419847317
rbfa-Prochlorococcus_marinus_str_AS9601.fa_COG0858.faa.final_tree.fa___hmms___1352a40911bc90b1d8c1421763f4269adde465bd2e3354e4c5d6b6e3,3,7,15,0.4666666666666667,0.3153846153846154,0.03076923076923077,121.95105952380948,1.0078599960645411,-0.5661538461538461
rbfa-Prochlorococcus_marinus_str_CCMP1375.fa_COG0858.faa.final_tree.fa___hmms___d0f478040cb92e103342a2df5cec5ab98bbcfb340190093863cb79c5,8,11,11,1.0,0.3076923076923077,0.046153846153846156,121.83617857142858,1.0069105667060212,-0.386153846153846
rbfa-Prochlorococcus_marinus_str_MIT_9215.fa_COG0858.faa.final_tree.fa___hmms___34b2f3b4a491f751380ef5e8ee8cb3bf7cf2a118e0a8f7bef48299e2,3,5,16,0.3125,0.3307692307692308,0.03076923076923077,121.93553571428569,1.0077317001180637,-0.4315384615384614
rbfa-Prochlorococcus_marinus_str_MIT_9301.fa_COG0858.faa.final_tree.fa___hmms___1b2dbaf860e3ebf93844cbfdd5cb076c138db9e0013450705fe53008,3,7,16,0.4375,0.3230769230769231,0.03076923076923077,122.12177380952376,1.0092708579299485,-0.5523076923076922
rbfa-Prochlorococcus_marinus_str_MIT_9303.fa_COG0858.faa.final_tree.fa___hmms___327cc0daa1c166dc9960cfafc52c01a55108ef3c29a89cd4017b40d0,12,15,3,5.0,0.2887323943661972,0.028169014084507043,133.54073809523808,1.0040656999641961,-0.5316901408450704
rbfa-Prochlorococcus_marinus_str_MIT_9312.fa_COG0858.faa.final_tree.fa___hmms___0572ad4ea93fc92650e22e6ecaf1f92351970124e120e64db821c58f,3,7,16,0.4375,0.3230769230769231,0.05384615384615385,121.8353214285714,1.0069034828807555,-0.47692307692307684
rbfa-Prochlorococcus_marinus_str_MIT_9313.fa_COG0858.faa.final_tree.fa___hmms___e3bb87d5e9597e6b962204a2f9fa54828185f5eab1614f7087e62cd1,12,15,3,5.0,0.2887323943661972,0.035211267605633804,133.40835714285717,1.0030703544575728,-0.5161971830985915
rbfa-Prochlorococcus_marinus_str_NATL1A.fa_COG0858.faa.final_tree.fa___hmms___61a2e4a86a6a5a6b0e11a9cc73de94cae9a44d8cdc00c4d9a897e119,7,12,11,1.0909090909090908,0.3577235772357723,0.032520325203252036,114.51414285714287,1.0045100250626569,-0.2764227642276423
rbfa-Prochlorococcus_sp_MIT_0604.fa_COG0858.faa.final_tree.fa___hmms___3e57ca1f3f9dca3c6baa33d201ad54fd3f3b0c6fb32d21098f76501e,3,7,15,0.4666666666666667,0.3230769230769231,0.038461538461538464,121.91629761904758,1.0075727075954346,-0.5538461538461539
rbfa-Prochlorococcus_sp_MIT_0801.fa_COG0858.faa.final_tree.fa___hmms___9996430be2d6a18c3af3e977ea40d7af92cdf2381d0f19968818db92,7,11,11,1.0,0.36585365853658536,0.032520325203252036,114.4941428571429,1.004334586466166,-0.22764227642276413
rbfa-Pseudanabaena_biceps_PCC_7429.fa_COG0858.faa.final_tree.fa___hmms___088a1c58e8d014b80c1cd14f57ad76ea07ed0453036ce20de93c6d35,7,14,7,2.0,0.31496062992125984,0.03937007874015748,118.45059523809523,1.0038186037126715,-0.3944881889763779
rbfa-Pseudanabaena_sp_ABRG5-3.fa_COG0858.faa.final_tree.fa___hmms___dd0e3181d073b7023b0fcb7954fe0f7b73c5791c1b3731430541a47f,7,14,7,2.0,0.31496062992125984,0.03937007874015748,118.48095238095237,1.0040758676351895,-0.44488188976377946
rbfa-Pseudanabaena_sp_PCC_7367.fa_COG0858.faa.final_tree.fa___hmms___4f9ae432ec74243bd264f98386cc0d6fe4bf4d858403ef99e5c6a77b,8,13,10,1.3,0.2541436464088398,0.03314917127071823,174.09569047619053,1.012184246954596,-0.7629834254143649
rbfa-Pseudanabaena_sp_Roaring_Creek.fa_COG0858.faa.final_tree.fa___hmms___d5b69e65f79c163d9a175f800e6ea4f320c9415f9aab45b70afd33e9,7,14,7,2.0,0.31496062992125984,0.03937007874015748,118.45059523809523,1.0038186037126715,-0.3944881889763779
rbfa-Richelia_sinica_FACHB-800.fa_COG0858.faa.final_tree.fa___hmms___3d7d57895073ff07ff61f799acf00394e39849c950dbb14f574e1429,9,14,5,2.8,0.3053435114503817,0.03816793893129771,122.59959523809526,1.0049147150663547,-0.40381679389312974
rbfa-Rippkaea_orientalis_PCC_8801.fa_COG0858.faa.final_tree.fa___hmms___2f55511780728ba62da1151b66319e1d9703b7983ca93b4920c0ff9b,7,14,4,3.5,0.2734375,0.03125,119.39307142857146,1.0033031212484997,-0.5484375
rbfa-Rippkaea_orientalis_PCC_8802.fa_COG0858.faa.final_tree.fa___hmms___2f87d88b42e7070ca3566be3a07f75a027125b62c4261867234a7e9a,7,14,4,3.5,0.2734375,0.03125,119.39307142857146,1.0033031212484997,-0.5484375
rbfa-Rivularia_sp_PCC_7116.fa_COG0858.faa.final_tree.fa___hmms___3c3949796c8fca4ced5a06cd7188b599da1b35be2f4fe482a8e74e64,9,15,6,2.5,0.28682170542635654,0.03875968992248062,120.69359523809528,1.0057799603174606,-0.6031007751937983
rbfa-Spirulina_major_PCC_6313.fa_COG0858.faa.final_tree.fa___hmms___fabcb6cf225a9cd34fdde33af28b708b4579331d417a933596c3ecdf,9,15,4,3.75,0.3129770992366412,0.030534351145038167,122.37328571428571,1.003059718969555,-0.39541984732824437
rbfa-Stanieria_cyanosphaera_PCC_7437.fa_COG0858.faa.final_tree.fa___hmms___911f2d1c29a362ba1107ee69600b1f067a873c2a7dae4b039fd80d22,8,13,6,2.1666666666666665,0.3007518796992481,0.03007518796992481,124.83755952380955,1.0067545122887867,-0.47819548872180445
rbfa-Stanieria_sp_NIES-3757.fa_COG0858.faa.final_tree.fa___hmms___91b48d77671e0af14bb7ce11345e33fe57c02d396306b8b95fec6785,8,13,6,2.1666666666666665,0.3007518796992481,0.03007518796992481,124.69917857142853,1.0056385368663592,-0.4616541353383459
rbfa-Synechococcus_elongatus_PCC_6301.fa_COG0858.faa.final_tree.fa___hmms___9e42d36d574ed4651163840c5534f87c2e9cdf2d25a757a919b349a0,10,14,6,2.3333333333333335,0.34306569343065696,0.029197080291970802,128.46755952380948,1.0036528087797616,-0.26131386861313877
rbfa-Synechococcus_elongatus_PCC_7942_FACHB-805.fa_COG0858.faa.final_tree.fa___hmms___95dd345448357ceb35c44061545e02aba59585a414ff0d75eef6bc61,10,14,6,2.3333333333333335,0.34306569343065696,0.029197080291970802,128.46755952380948,1.0036528087797616,-0.26131386861313877
rbfa-Synechococcus_elongatus_UTEX_3055.fa_COG0858.faa.final_tree.fa___hmms___f0be580c80ef74707118ea111415dcd95406454488c2016cdf9f73b7,10,14,6,2.3333333333333335,0.34306569343065696,0.029197080291970802,128.46755952380948,1.0036528087797616,-0.26131386861313877
rbfa-Synechococcus_lividus_PCC_6715.fa_COG0858.faa.final_tree.fa___hmms___9055bdd19846cc3d82359d1696cd1025c211d58d677e8efcb330ba8d,8,16,4,4.0,0.32799999999999996,0.04,116.03107142857144,1.0002678571428572,-0.33759999999999996
rbfa-Synechococcus_sp_A15-127.fa_COG0858.faa.final_tree.fa___hmms___0148943a911ea67f03c3fc009b816e4af0840354f0b555a36aecc274,15,16,3,5.333333333333333,0.2835820895522388,0.029850746268656716,125.77917857142852,1.006233428571428,-0.5888059701492535
rbfa-Synechococcus_sp_A15-24.fa_COG0858.faa.final_tree.fa___hmms___5b36f4ba828b2d60e97a0ec141d568b562cb7dbb17931e7ee71fabf2,14,14,5,2.8,0.31343283582089554,0.029850746268656716,125.68625000000002,1.0054900000000002,-0.41865671641791047
rbfa-Synechococcus_sp_A15-28.fa_COG0858.faa.final_tree.fa___hmms___bfa665dacdd26c10fdfd911066e29115860bcba09688e2b20ea273a4,14,14,5,2.8,0.30597014925373134,0.029850746268656716,125.67820238095241,1.0054256190476194,-0.43805970149253726
rbfa-Synechococcus_sp_A15-44.fa_COG0858.faa.final_tree.fa___hmms___1934f1debf1ee5fd9234a7d711fe1d0d6c815ee0b53606903f32f756,15,18,2,9.0,0.2928571428571428,0.02857142857142857,131.74265476190482,1.0056691203198842,-0.5678571428571427
rbfa-Synechococcus_sp_A15-60.fa_COG0858.faa.final_tree.fa___hmms___046e75e1c352f60a69358402b42991e9c618df95414dda8843f719b1,16,17,2,8.5,0.30714285714285716,0.02142857142857143,131.4853095238095,1.0037046528535076,-0.4307142857142857
rbfa-Synechococcus_sp_A15-62.fa_COG0858.faa.final_tree.fa___hmms___8e2d8466c3dbe0b2f99107f1ed30e4b73d2f5975f45826bd145e6dd4,16,17,2,8.5,0.2857142857142857,0.02857142857142857,131.6618928571429,1.0050526172300984,-0.5764285714285714
rbfa-Synechococcus_sp_A18-25c.fa_COG0858.faa.final_tree.fa___hmms___abced73a7b9dd3777d85a99aa6463d2e66c7728442be4de5d680777c,16,17,2,8.5,0.30714285714285716,0.02142857142857143,131.4853095238095,1.0037046528535076,-0.4307142857142857
rbfa-Synechococcus_sp_A18-40.fa_COG0858.faa.final_tree.fa___hmms___e21fa43d4e1fc73cf3d991d597f0b37fba09ab7ed15fd63b5a01f5cd,14,14,5,2.8,0.3208955223880597,0.029850746268656716,125.57225000000001,1.0045780000000002,-0.37835820895522393
rbfa-Synechococcus_sp_A18-46_1.fa_COG0858.faa.final_tree.fa___hmms___7e776c3d03b75cc2b87d15cb5a52116302d87a7261ab908677b80029,14,14,5,2.8,0.3208955223880597,0.029850746268656716,125.57225000000001,1.0045780000000002,-0.37835820895522393
rbfa-Synechococcus_sp_BIOS-U3-1.fa_COG0858.faa.final_tree.fa___hmms___f613f75f52386dbae4a20d7355d38a71cff7d0e14c6accd689ed72de,13,15,5,3.0,0.30434782608695654,0.021739130434782608,129.5067261904762,1.0039281100036914,-0.45362318840579696
rbfa-Synechococcus_sp_BMK-MC-1.fa_COG0858.faa.final_tree.fa___hmms___991bb93a5d1be4f16bcfebce359cc2b561873dfb9e764989733039b5,14,16,3,5.333333333333333,0.3071428571428571,0.02142857142857143,131.38702380952378,1.0029543802253724,-0.4714285714285713
rbfa-Synechococcus_sp_CBW1002.fa_COG0858.faa.final_tree.fa___hmms___8dd3e4e096f02e8ab8c0df503aaef238b78e40997feb2739efde84cc,12,15,5,3.0,0.3237410071942446,0.02877697841726619,130.42776190476187,1.003290476190476,-0.3431654676258993
rbfa-Synechococcus_sp_CBW1004.fa_COG0858.faa.final_tree.fa___hmms___2e26e873aaab33c2606263f5f35951284bd72798c3a8d56ffe3f1fb9,16,21,2,10.5,0.30201342281879195,0.013422818791946308,140.61922619047618,1.0044230442176871,-0.578523489932886
rbfa-Synechococcus_sp_CBW1006.fa_COG0858.faa.final_tree.fa___hmms___a4b80d5a5a499b807a77a41f26ff9cc63d0e73c77f07ec856b8c144b,12,15,5,3.0,0.3237410071942446,0.02877697841726619,130.40176190476186,1.0030904761904758,-0.3431654676258993
rbfa-Synechococcus_sp_CBW1107.fa_COG0858.faa.final_tree.fa___hmms___6baaa97c846fe255149781f319592e268e510bc72875c358371c9e17,16,15,4,3.75,0.32116788321167883,0.029197080291970802,128.5012380952381,1.0039159226190477,-0.34379562043795614
rbfa-Synechococcus_sp_CBW1108.fa_COG0858.faa.final_tree.fa___hmms___f9a42900ed575204992a436d4e57d2b9aeb7544e5d7fa4e019f69f25,14,15,6,2.5,0.3230769230769231,0.038461538461538464,121.36417857142855,1.0030097402597402,-0.2584615384615384
rbfa-Synechococcus_sp_CC9311.fa_COG0858.faa.final_tree.fa___hmms___dbc9c92772ca6880395a4f6abd5a2818551d49da7dcb88de2664300f,14,16,4,4.0,0.30597014925373134,0.029850746268656716,125.33813095238101,1.002705047619048,-0.45447761194029845
rbfa-Synechococcus_sp_CC9605.fa_COG0858.faa.final_tree.fa___hmms___496b74898fdbe3f0e233363a1ae2d2d80c9a13bbc0626969094c489f,16,17,2,8.5,0.2857142857142857,0.02857142857142857,131.63027380952383,1.0048112504543805,-0.5542857142857143
rbfa-Synechococcus_sp_CC9902.fa_COG0858.faa.final_tree.fa___hmms___28f0e3ab177a9bf6ec409bb9707e1f07708a70b2a1d86bd097e27b78,14,14,5,2.8,0.29104477611940294,0.029850746268656716,125.93467857142858,1.0074774285714285,-0.535820895522388
rbfa-Synechococcus_sp_JA-3-3Ab.fa_COG0858.faa.final_tree.fa___hmms___729004384cae525f7666831dd0001ae9657936427dbef74ff34a375f,12,16,2,8.0,0.3355704697986577,0.026845637583892617,140.6024761904762,1.0043034013605443,-0.40067114093959727
rbfa-Synechococcus_sp_KORDI-100.fa_COG0858.faa.final_tree.fa___hmms___af88d1562b99965dbfc5c30ed4ac2f7ae1fdea258698373516b7d029,14,18,2,9.0,0.2985074626865672,0.029850746268656716,125.55867857142859,1.0044694285714286,-0.5492537313432835
rbfa-Synechococcus_sp_KORDI-49.fa_COG0858.faa.final_tree.fa___hmms___c1052aba2f1f95124bd33897c7c05c38b5b5762a18a7e014198d6e84,15,16,3,5.333333333333333,0.2835820895522388,0.029850746268656716,125.68117857142853,1.0054494285714282,-0.5865671641791044
rbfa-Synechococcus_sp_KORDI-52.fa_COG0858.faa.final_tree.fa___hmms___5817b697f9ca0c53d78705ab08bb8aebf8f714b97e99731a98f98519,16,17,2,8.5,0.2857142857142857,0.02857142857142857,131.73439285714292,1.0056060523446024,-0.6249999999999999
rbfa-Synechococcus_sp_LTW-R.fa_COG0858.faa.final_tree.fa___hmms___3068ec7413fa3fb9bb67df1f35f9fdf2cc0422beabfd61777a47fa38,16,14,4,3.5,0.3088235294117647,0.03676470588235294,127.55855952380954,1.0043981064866891,-0.39705882352941174
rbfa-Synechococcus_sp_M16_1.fa_COG0858.faa.final_tree.fa___hmms___8610bf653c195ad19cb566c6cb5efc395d40891d3fd424735d34cb4e,15,18,2,9.0,0.2928571428571428,0.02857142857142857,131.73865476190483,1.0056385859687391,-0.5657142857142856
rbfa-Synechococcus_sp_MEDNS5.fa_COG0858.faa.final_tree.fa___hmms___5e87f888c278411f8f495d0032c2e7724ea64c0538d39463e4cffab1,15,16,4,4.0,0.3214285714285714,0.02142857142857143,131.51954761904764,1.0039660123591423,-0.44642857142857145
rbfa-Synechococcus_sp_MIT_S9220.fa_COG0858.faa.final_tree.fa___hmms___2ccabc7797e6afd7a955b700383a450a65c191602952f58befc728f0,13,16,3,5.333333333333333,0.32608695652173914,0.028985507246376812,129.45048809523814,1.0034921557770398,-0.3731884057971014
rbfa-Synechococcus_sp_MVIR-18-1.fa_COG0858.faa.final_tree.fa___hmms___3a310d2ea07cf9e4f1c362d0da8bf35c75ac9eb3df6e74fd6310406d,15,16,4,4.0,0.3134328358208955,0.029850746268656716,125.27265476190487,1.002181238095239,-0.3828358208955223
rbfa-Synechococcus_sp_Minos11.fa_COG0858.faa.final_tree.fa___hmms___3a137c6460860e863fac881e20b6d29bd12baf010795e67e47178aca,12,15,3,5.0,0.29770992366412213,0.022900763358778626,122.43313095238094,1.0035502537080405,-0.4427480916030534
rbfa-Synechococcus_sp_NIES-970.fa_COG0858.faa.final_tree.fa___hmms___f4ebd71d4a2cf5339a3659a143fb55b506f20aa8a76ed59421d41135,11,14,6,2.3333333333333335,0.3006535947712418,0.058823529411764705,145.0194761904762,1.007079695767196,-0.400653594771242
rbfa-Synechococcus_sp_NOUM97013.fa_COG0858.faa.final_tree.fa___hmms___7e6ded7539cd1197c4a7a3ac13409c729625f2739387723c188194ef,16,17,2,8.5,0.3142857142857143,0.02142857142857143,131.36816666666667,1.0028104325699745,-0.39642857142857135
rbfa-Synechococcus_sp_PCC_6312.fa_COG0858.faa.final_tree.fa___hmms___aa8c339a4e012f68225fb2f72343287918dad24f3eed5c1ed656e89f,8,16,4,4.0,0.3383458646616541,0.03007518796992481,124.31330952380955,1.0025266897081415,-0.31804511278195485
rbfa-Synechococcus_sp_PCC_7003.fa_COG0858.faa.final_tree.fa___hmms___24da276da70cd360c7760bce8d0e24b737e4ac3e842bbe647d40c129,8,13,6,2.1666666666666665,0.30534351145038163,0.030534351145038167,122.88554761904759,1.0072585870413737,-0.39847328244274816
rbfa-Synechococcus_sp_PCC_7117.fa_COG0858.faa.final_tree.fa___hmms___4dc5e77cc46fec8bc1d46ebcff7df8e6de8f31e600211a2a42f08242,8,14,5,2.8,0.3053435114503817,0.030534351145038167,122.79054761904759,1.0064798985167835,-0.40839694656488557
rbfa-Synechococcus_sp_PCC_73109.fa_COG0858.faa.final_tree.fa___hmms___38fa9ccb978d4c5ce37f24a2bc43a1df24c994083e5ec572b43eeb5b,8,14,5,2.8,0.3053435114503817,0.030534351145038167,122.79054761904759,1.0064798985167835,-0.40839694656488557
rbfa-Synechococcus_sp_PCC_7502.fa_COG0858.faa.final_tree.fa___hmms___937f1b7ef98a49bfd6cac3dc33f2e6892a24c7b3e8858f2622cfd9f9,8,14,6,2.3333333333333335,0.31851851851851853,0.037037037037037035,126.73021428571431,1.005795351473923,-0.40592592592592597
rbfa-Synechococcus_sp_PCC_8807.fa_COG0858.faa.final_tree.fa___hmms___8e3cb450a3609658d86b69ee5d78b27ff8c3685282736a8e4ad99d68,8,14,5,2.8,0.3053435114503817,0.030534351145038167,122.79054761904759,1.0064798985167835,-0.40839694656488557
rbfa-Synechococcus_sp_PROS-7-1.fa_COG0858.faa.final_tree.fa___hmms___31bf885d75a85244dd48944a8e6ebd464e4c0b38937f3f82c70d1197,14,16,4,4.0,0.3214285714285714,0.02142857142857143,131.5264523809524,1.0040187204652855,-0.44928571428571434
rbfa-Synechococcus_sp_PROS-9-1.fa_COG0858.faa.final_tree.fa___hmms___78ce911421395d3e38dade2774ba320d424b70bc81939f0c3538a34f,15,16,4,4.0,0.30597014925373134,0.029850746268656716,125.43565476190484,1.0034852380952388,-0.44029850746268645
rbfa-Synechococcus_sp_PROS-U-1.fa_COG0858.faa.final_tree.fa___hmms___b4585d2e0307b22421e4a1a85830b306e7865769dd663cf3a9e0db2e,18,17,2,8.5,0.2808219178082192,0.0273972602739726,138.1025119047619,1.0080475321515467,-0.6061643835616438
rbfa-Synechococcus_sp_RCC307.fa_COG0858.faa.final_tree.fa___hmms___f84b8d8ec3e857595f9bef43a5858d1f6134f986ddeada4c20f084c5,12,15,3,5.0,0.29770992366412213,0.022900763358778626,122.43313095238094,1.0035502537080405,-0.4427480916030534
rbfa-Synechococcus_sp_ROS8604.fa_COG0858.faa.final_tree.fa___hmms___4c3c29e87491cef26a40c2f95b8153f94ae0b37330661434adb2729a,14,16,4,4.0,0.30597014925373134,0.029850746268656716,125.54044047619051,1.004323523809524,-0.44402985074626855
rbfa-Synechococcus_sp_RS9902.fa_COG0858.faa.final_tree.fa___hmms___09ba08c26fc43bc193b10148e5611e769e6c33f90faef24460ff66b8,15,17,2,8.5,0.29850746268656714,0.029850746268656716,125.45089285714288,1.003607142857143,-0.5029850746268656
rbfa-Synechococcus_sp_RS9907.fa_COG0858.faa.final_tree.fa___hmms___179feb7b06cc282192d3e723dcc6e4617297dc2095aa934d622ee4c0,15,18,2,9.0,0.2928571428571428,0.02857142857142857,131.74265476190482,1.0056691203198842,-0.5678571428571427
rbfa-Synechococcus_sp_RS9909.fa_COG0858.faa.final_tree.fa___hmms___561043f1bd6677113fd188048a6809c8114d0ecfa842b213af55b3ac,12,16,4,4.0,0.29411764705882354,0.029411764705882353,127.78519047619051,1.0061826021747284,-0.6492647058823527
rbfa-Synechococcus_sp_RSCCF101.fa_COG0858.faa.final_tree.fa___hmms___05fe97775222169d1701b779380c4aec1b49999121e8a3e150d86b11,15,16,1,16.0,0.3277310924369748,0.025210084033613446,110.46901190476193,1.0042637445887448,-0.48487394957983193
rbfa-Synechococcus_sp_SYN20.fa_COG0858.faa.final_tree.fa___hmms___4cf362bd1604abe9495cd94c3da7e1a27ec81e638386b30aca1fdd0f,15,16,4,4.0,0.3134328358208955,0.029850746268656716,125.2500357142858,1.0020002857142865,-0.3828358208955223
rbfa-Synechococcus_sp_SynAce01.fa_COG0858.faa.final_tree.fa___hmms___ee43c6f8769e0906b7bae57cc2f6c02c221d3db01fa33b32b068da71,15,16,6,2.6666666666666665,0.3356643356643357,0.027972027972027972,134.44459523809527,1.0033178749111589,-0.2888111888111889
rbfa-Synechococcus_sp_TAK9802.fa_COG0858.faa.final_tree.fa___hmms___3a59e25f0f77477bed90f0cc823fc61fb2dbed67862f9d20baaeceee,17,17,2,8.5,0.2928571428571428,0.02857142857142857,131.7314047619048,1.0055832424572886,-0.5357142857142857
rbfa-Synechococcus_sp_UTEX_2973.fa_COG0858.faa.final_tree.fa___hmms___39e2486a4b731ff9caab51012c5b854f9fcf5bc5e11649fce399931c,10,14,6,2.3333333333333335,0.34306569343065696,0.029197080291970802,128.46755952380948,1.0036528087797616,-0.26131386861313877
rbfa-Synechococcus_sp_WH_7803.fa_COG0858.faa.final_tree.fa___hmms___92bbb11d28448e4a64d55ebd47f85867287414f37bce6b6e184c3589,14,16,3,5.333333333333333,0.3071428571428571,0.02142857142857143,131.38702380952378,1.0029543802253724,-0.4714285714285713
rbfa-Synechococcus_sp_WH_8016.fa_COG0858.faa.final_tree.fa___hmms___27df98ded40f3585075a7798dff34dab0fd95eb07b2e7448fe937990,14,16,4,4.0,0.30597014925373134,0.029850746268656716,125.54053571428575,1.004324285714286,-0.46417910447761185
rbfa-Synechococcus_sp_WH_8020.fa_COG0858.faa.final_tree.fa___hmms___b2a0dc443335333c6a918d2030a4ad50187e8c9c6bdd51eca69464bf,14,17,4,4.25,0.29850746268656714,0.029850746268656716,125.43213095238102,1.003457047619048,-0.5231343283582089
rbfa-Synechococcus_sp_WH_8101.fa_COG0858.faa.final_tree.fa___hmms___3859ef88e81d1154d68ae4a601f731d3a9f861c1ec45435cecbd95e7,12,17,4,4.25,0.2978723404255319,0.028368794326241134,132.98196428571433,1.0074391233766238,-0.6404255319148934
rbfa-Synechococcus_sp_WH_8102.fa_COG0858.faa.final_tree.fa___hmms___f85b13a2bb6a12a6053cfc6e309a149ef56862b39ef5caef10b5a6e0,14,14,5,2.8,0.3208955223880597,0.029850746268656716,125.57225000000001,1.0045780000000002,-0.37835820895522393
rbfa-Synechococcus_sp_WH_8103.fa_COG0858.faa.final_tree.fa___hmms___71f240a7684c5a4124e31465a5426d49777a6965a8e12b2dc11c3d82,14,14,5,2.8,0.3208955223880597,0.029850746268656716,125.57225000000001,1.0045780000000002,-0.37835820895522393
rbfa-Synechococcus_sp_WH_8109.fa_COG0858.faa.final_tree.fa___hmms___b41ab4227213523ee7afeae8c37d46028a3effb985482e3c504742d5,16,17,2,8.5,0.3,0.02857142857142857,131.7480833333334,1.0057105597964382,-0.4999999999999999
rbfa-Synechocystis_sp_IPPAS_B-1465.fa_COG0858.faa.final_tree.fa___hmms___a0694486469c43cfede9c37aee381dad39623d90f645ab9bfca10fbc,8,13,5,2.6,0.3233082706766917,0.03007518796992481,124.60782142857136,1.0049017857142852,-0.3157894736842106
rbfa-Synechocystis_sp_PCC_6714.fa_COG0858.faa.final_tree.fa___hmms___8fe5a4e221a32f20f5b365c3396d65668a96cdc0952e6b81fbb25383,8,13,6,2.1666666666666665,0.3333333333333333,0.037037037037037035,126.52197619047612,1.004142668178382,-0.3059259259259259
rbfa-Synechocystis_sp_PCC_6803.fa_COG0858.faa.final_tree.fa___hmms___748e0917a8b0b1b0c8c0bad50d79871f6eb54872a78590b2d04f1b5e,8,13,5,2.6,0.3233082706766917,0.03007518796992481,124.60782142857136,1.0049017857142852,-0.3157894736842106
rbfa-Synechocystis_sp_PCC_7338.fa_COG0858.faa.final_tree.fa___hmms___e5100e3845047deb4f567036ef91db58ff78ff1b57805bf191617bca,7,13,4,3.25,0.3157894736842105,0.03007518796992481,124.67783333333325,1.0054663978494618,-0.3548872180451128
rbfa-Synechocystis_sp_PCC_7509.fa_COG0858.faa.final_tree.fa___hmms___0c13eddd797e1c8e9c7f0ca5da2f049683735adc117cc33fa8270e60,8,12,7,1.7142857142857142,0.3165467625899281,0.04316546762589928,130.61715476190477,1.0047473443223445,-0.5172661870503596
rbfa-Thermoleptolyngbya_sp_PKUAC-SCTA183.fa_COG0858.faa.final_tree.fa___hmms___4c778735fedd9532106f3eb9986f36eb71202cda8c9f512664dae92c,9,17,5,3.4,0.27835051546391754,0.04639175257731958,187.82569047619046,1.0152740025740026,-0.7453608247422682
rbfa-Thermosynechococcus_elongatus_BP-1.fa_COG0858.faa.final_tree.fa___hmms___47a4957e9f283affbf54229c25ed9382f839a64bffd09ee3e5931eec,8,17,3,5.666666666666667,0.3412698412698413,0.03968253968253968,116.97696428571432,0.9998031135531138,-0.24841269841269842
rbfa-Thermosynechococcus_elongatus_PKUAC-SCTE542.fa_COG0858.faa.final_tree.fa___hmms___711ad07e8f84af87fae5efff4e2d5875232d24635831e139825a22ac,9,17,3,5.666666666666667,0.3359375,0.0390625,119.08671428571428,1.0007286914765905,-0.31640625000000006
rbfa-Thermosynechococcus_sp_CL-1.fa_COG0858.faa.final_tree.fa___hmms___740f83006a9118e20b2cea14cfb0e984b07ac4f3f1711050dc717c95,8,17,3,5.666666666666667,0.3359375,0.0390625,119.05203571428572,1.0004372749099641,-0.29687500000000006
rbfa-Thermosynechococcus_sp_TA-1.fa_COG0858.faa.final_tree.fa___hmms___5e5552dda636db64f22ec3402b43e96330c03c74fcae537da1b26c9a,8,17,3,5.666666666666667,0.3359375,0.0390625,119.05203571428572,1.0004372749099641,-0.29687500000000006
rbfa-Thermosynechococcus_vulcanus_NIES-2134.fa_COG0858.faa.final_tree.fa___hmms___f42d27b19dbe9af2c72e8d8f8168253662ca1c5862110dee7c683e6f,8,17,3,5.666666666666667,0.3412698412698413,0.03968253968253968,116.97696428571432,0.9998031135531138,-0.24841269841269842
rbfa-Tolypothrix_bouteillei_VB521301.fa_COG0858.faa.final_tree.fa___hmms___4d88976b51af5617b8b34728110321ba0ada20aa77a017430ae2bbc8,9,15,8,1.875,0.29545454545454547,0.03787878787878788,123.95863095238097,1.0077937475803331,-0.6340909090909091
rbfa-Tolypothrix_sp_PCC_7910.fa_COG0858.faa.final_tree.fa___hmms___ce5216d6753c876f77dcf21ba9071616a6e9144c3a615dcdd4c35420,10,14,6,2.3333333333333335,0.3,0.04285714285714286,131.92716666666672,1.0070776081424941,-0.5314285714285714
rbfa-Trichodesmium_erythraeum_IMS101.fa_COG0858.faa.final_tree.fa___hmms___f30d74bcea86c1098f3ef14e126212e60f4bbe69f2f6843133a4354a,9,14,6,2.3333333333333335,0.3093525179856115,0.02877697841726619,130.4154285714286,1.0031956043956047,-0.3474820143884892
rbfa-Trichormus_sp_NMC-1.fa_COG0858.faa.final_tree.fa___hmms___faa167e0f118e46546027ce96cccee78bc6df5c462c115a3a79b2e83,10,13,6,2.1666666666666665,0.31060606060606066,0.03787878787878788,123.59903571428578,1.0048702090592339,-0.3962121212121211
rbfa-Trichormus_variabilis_ATCC_29413.fa_COG0858.faa.final_tree.fa___hmms___f42556be2b24293fa77c7db5fef6b6c977ec6cd5799280318e9eee61,9,13,7,1.8571428571428572,0.3233082706766917,0.03007518796992481,124.61427380952385,1.0049538210445472,-0.363157894736842
rbfa-Xenococcus_sp_PCC_7305.fa_COG0858.faa.final_tree.fa___hmms___7a9ab056463d0c848d6c7961b4be4e5ec0b044a1e110361eb325768c,10,16,4,4.0,0.2727272727272727,0.030303030303030304,123.51002380952382,1.004146535036779,-0.5022727272727271
rbfa-cyanobacterium_endosymbiont_Epithemia_turgida.fa_COG0858.faa.final_tree.fa___hmms___bd7a8b037e8e13b9be8eb59d0799bda3e01884d8679daaa9fb36a8c6,8,12,6,2.0,0.30000000000000004,0.038461538461538464,121.34155952380947,1.0028228059818964,-0.3684615384615384
rbfa-cyanobacterium_endosymbiont_Rhopalodia_gibberula.fa_COG0858.faa.final_tree.fa___hmms___d586014b8f01e6becff6c77a417f4fa79d3e1188ec360cae70361ada,8,12,5,2.4,0.32,0.032,116.09321428571424,1.000803571428571,-0.2776
